filing_status,pay_frequency,min_wage,max_wage,withholding
single,biweekly,0,10,10.0
single,biweekly,10,20,10.85
single,biweekly,20,30,11.7
single,biweekly,30,40,12.55
single,biweekly,40,50,13.4
single,biweekly,50,60,14.25
single,biweekly,60,70,15.1
single,biweekly,70,80,15.95
single,biweekly,80,90,16.8
single,biweekly,90,100,17.65
single,biweekly,100,110,18.5
single,biweekly,110,120,19.35
single,biweekly,120,130,20.2
single,biweekly,130,140,21.05
single,biweekly,140,150,21.9
single,biweekly,150,160,22.75
single,biweekly,160,170,23.6
single,biweekly,170,180,24.45
single,biweekly,180,190,25.3
single,biweekly,190,200,26.15
single,biweekly,200,210,27.0
single,biweekly,210,220,27.85
single,biweekly,220,230,28.7
single,biweekly,230,240,29.55
single,biweekly,240,250,30.4
single,biweekly,250,260,31.25
single,biweekly,260,270,32.1
single,biweekly,270,280,32.95
single,biweekly,280,290,33.8
single,biweekly,290,300,34.65
single,biweekly,300,310,35.5
single,biweekly,310,320,36.35
single,biweekly,320,330,37.2
single,biweekly,330,340,38.05
single,biweekly,340,350,38.9
single,biweekly,350,360,39.75
single,biweekly,360,370,40.6
single,biweekly,370,380,41.45
single,biweekly,380,390,42.3
single,biweekly,390,400,43.15
single,biweekly,400,410,44.0
single,biweekly,410,420,44.85
single,biweekly,420,430,45.7
single,biweekly,430,440,46.55
single,biweekly,440,450,47.4
single,biweekly,450,460,48.25
single,biweekly,460,470,49.1
single,biweekly,470,480,49.95
single,biweekly,480,490,50.8
single,biweekly,490,500,51.65
single,biweekly,500,510,52.5
single,biweekly,510,520,53.35
single,biweekly,520,530,54.2
single,biweekly,530,540,55.05
single,biweekly,540,550,55.9
single,biweekly,550,560,56.75
single,biweekly,560,570,57.6
single,biweekly,570,580,58.45
single,biweekly,580,590,59.3
single,biweekly,590,600,60.15
single,biweekly,600,610,61.0
single,biweekly,610,620,61.85
single,biweekly,620,630,62.7
single,biweekly,630,640,63.55
single,biweekly,640,650,64.4
single,biweekly,650,660,65.25
single,biweekly,660,670,66.1
single,biweekly,670,680,66.95
single,biweekly,680,690,67.8
single,biweekly,690,700,68.65
single,biweekly,700,710,69.5
single,biweekly,710,720,70.35
single,biweekly,720,730,71.2
single,biweekly,730,740,72.05
single,biweekly,740,750,72.9
single,biweekly,750,760,73.75
single,biweekly,760,770,74.6
single,biweekly,770,780,75.45
single,biweekly,780,790,76.3
single,biweekly,790,800,77.15
single,biweekly,800,810,78.0
single,biweekly,810,820,78.85
single,biweekly,820,830,79.7
single,biweekly,830,840,80.55
single,biweekly,840,850,81.4
single,biweekly,850,860,82.25
single,biweekly,860,870,83.1
single,biweekly,870,880,83.95
single,biweekly,880,890,84.8
single,biweekly,890,900,85.65
single,biweekly,900,910,86.5
single,biweekly,910,920,87.35
single,biweekly,920,930,88.2
single,biweekly,930,940,89.05
single,biweekly,940,950,89.9
single,biweekly,950,960,90.75
single,biweekly,960,970,91.6
single,biweekly,970,980,92.45
single,biweekly,980,990,93.3
single,biweekly,990,1000,94.15
single,biweekly,1000,1010,95.0
single,biweekly,1010,1020,95.85
single,biweekly,1020,1030,96.7
single,biweekly,1030,1040,97.55
single,biweekly,1040,1050,98.4
single,biweekly,1050,1060,99.25
single,biweekly,1060,1070,100.1
single,biweekly,1070,1080,100.95
single,biweekly,1080,1090,101.8
single,biweekly,1090,1100,102.65
single,biweekly,1100,1110,103.5
single,biweekly,1110,1120,104.35
single,biweekly,1120,1130,105.2
single,biweekly,1130,1140,106.05
single,biweekly,1140,1150,106.9
single,biweekly,1150,1160,107.75
single,biweekly,1160,1170,108.6
single,biweekly,1170,1180,109.45
single,biweekly,1180,1190,110.3
single,biweekly,1190,1200,111.15
single,biweekly,1200,1210,112.0
single,biweekly,1210,1220,112.85
single,biweekly,1220,1230,113.7
single,biweekly,1230,1240,114.55
single,biweekly,1240,1250,115.4
single,biweekly,1250,1260,116.25
single,biweekly,1260,1270,117.1
single,biweekly,1270,1280,117.95
single,biweekly,1280,1290,118.8
single,biweekly,1290,1300,119.65
single,biweekly,1300,1310,120.5
single,biweekly,1310,1320,121.35
single,biweekly,1320,1330,122.2
single,biweekly,1330,1340,123.05
single,biweekly,1340,1350,123.9
single,biweekly,1350,1360,124.75
single,biweekly,1360,1370,125.6
single,biweekly,1370,1380,126.45
single,biweekly,1380,1390,127.3
single,biweekly,1390,1400,128.15
single,biweekly,1400,1410,129.0
single,biweekly,1410,1420,129.85
single,biweekly,1420,1430,130.7
single,biweekly,1430,1440,131.55
single,biweekly,1440,1450,132.4
single,biweekly,1450,1460,133.25
single,biweekly,1460,1470,134.1
single,biweekly,1470,1480,134.95
single,biweekly,1480,1490,135.8
single,biweekly,1490,1500,136.65
single,biweekly,1500,1510,137.5
single,biweekly,1510,1520,138.35
single,biweekly,1520,1530,139.2
single,biweekly,1530,1540,140.05
single,biweekly,1540,1550,140.9
single,biweekly,1550,1560,141.75
single,biweekly,1560,1570,142.6
single,biweekly,1570,1580,143.45
single,biweekly,1580,1590,144.3
single,biweekly,1590,1600,145.15
single,biweekly,1600,1610,146.0
single,biweekly,1610,1620,146.85
single,biweekly,1620,1630,147.7
single,biweekly,1630,1640,148.55
single,biweekly,1640,1650,149.4
single,biweekly,1650,1660,150.25
single,biweekly,1660,1670,151.1
single,biweekly,1670,1680,151.95
single,biweekly,1680,1690,152.8
single,biweekly,1690,1700,153.65
single,biweekly,1700,1710,154.5
single,biweekly,1710,1720,155.35
single,biweekly,1720,1730,156.2
single,biweekly,1730,1740,157.05
single,biweekly,1740,1750,157.9
single,biweekly,1750,1760,158.75
single,biweekly,1760,1770,159.6
single,biweekly,1770,1780,160.45
single,biweekly,1780,1790,161.3
single,biweekly,1790,1800,162.15
single,biweekly,1800,1810,163.0
single,biweekly,1810,1820,163.85
single,biweekly,1820,1830,164.7
single,biweekly,1830,1840,165.55
single,biweekly,1840,1850,166.4
single,biweekly,1850,1860,167.25
single,biweekly,1860,1870,168.1
single,biweekly,1870,1880,168.95
single,biweekly,1880,1890,169.8
single,biweekly,1890,1900,170.65
single,biweekly,1900,1910,171.5
single,biweekly,1910,1920,172.35
single,biweekly,1920,1930,173.2
single,biweekly,1930,1940,174.05
single,biweekly,1940,1950,174.9
single,biweekly,1950,1960,175.75
single,biweekly,1960,1970,176.6
single,biweekly,1970,1980,177.45
single,biweekly,1980,1990,178.3
single,biweekly,1990,2000,179.15
single,biweekly,2000,2010,180.0
single,biweekly,2010,2020,180.85
single,biweekly,2020,2030,181.7
single,biweekly,2030,2040,182.55
single,biweekly,2040,2050,183.4
single,biweekly,2050,2060,184.25
single,biweekly,2060,2070,185.1
single,biweekly,2070,2080,185.95
single,biweekly,2080,2090,186.8
single,biweekly,2090,2100,187.65
single,biweekly,2100,2110,188.5
single,biweekly,2110,2120,189.35
single,biweekly,2120,2130,190.2
single,biweekly,2130,2140,191.05
single,biweekly,2140,2150,191.9
single,biweekly,2150,2160,192.75
single,biweekly,2160,2170,193.6
single,biweekly,2170,2180,194.45
single,biweekly,2180,2190,195.3
single,biweekly,2190,2200,196.15
single,biweekly,2200,2210,197.0
single,biweekly,2210,2220,197.85
single,biweekly,2220,2230,198.7
single,biweekly,2230,2240,199.55
single,biweekly,2240,2250,200.4
single,biweekly,2250,2260,201.25
single,biweekly,2260,2270,202.1
single,biweekly,2270,2280,202.95
single,biweekly,2280,2290,203.8
single,biweekly,2290,2300,204.65
single,biweekly,2300,2310,205.5
single,biweekly,2310,2320,206.35
single,biweekly,2320,2330,207.2
single,biweekly,2330,2340,208.05
single,biweekly,2340,2350,208.9
single,biweekly,2350,2360,209.75
single,biweekly,2360,2370,210.6
single,biweekly,2370,2380,211.45
single,biweekly,2380,2390,212.3
single,biweekly,2390,2400,213.15
single,biweekly,2400,2410,214.0
single,biweekly,2410,2420,214.85
single,biweekly,2420,2430,215.7
single,biweekly,2430,2440,216.55
single,biweekly,2440,2450,217.4
single,biweekly,2450,2460,218.25
single,biweekly,2460,2470,219.1
single,biweekly,2470,2480,219.95
single,biweekly,2480,2490,220.8
single,biweekly,2490,2500,221.65
single,biweekly,2500,2510,222.5
single,biweekly,2510,2520,223.35
single,biweekly,2520,2530,224.2
single,biweekly,2530,2540,225.05
single,biweekly,2540,2550,225.9
single,biweekly,2550,2560,226.75
single,biweekly,2560,2570,227.6
single,biweekly,2570,2580,228.45
single,biweekly,2580,2590,229.3
single,biweekly,2590,2600,230.15
single,biweekly,2600,2610,231.0
single,biweekly,2610,2620,231.85
single,biweekly,2620,2630,232.7
single,biweekly,2630,2640,233.55
single,biweekly,2640,2650,234.4
single,biweekly,2650,2660,235.25
single,biweekly,2660,2670,236.1
single,biweekly,2670,2680,236.95
single,biweekly,2680,2690,237.8
single,biweekly,2690,2700,238.65
single,biweekly,2700,2710,239.5
single,biweekly,2710,2720,240.35
single,biweekly,2720,2730,241.2
single,biweekly,2730,2740,242.05
single,biweekly,2740,2750,242.9
single,biweekly,2750,2760,243.75
single,biweekly,2760,2770,244.6
single,biweekly,2770,2780,245.45
single,biweekly,2780,2790,246.3
single,biweekly,2790,2800,247.15
single,biweekly,2800,2810,248.0
single,biweekly,2810,2820,248.85
single,biweekly,2820,2830,249.7
single,biweekly,2830,2840,250.55
single,biweekly,2840,2850,251.4
single,biweekly,2850,2860,252.25
single,biweekly,2860,2870,253.1
single,biweekly,2870,2880,253.95
single,biweekly,2880,2890,254.8
single,biweekly,2890,2900,255.65
single,biweekly,2900,2910,256.5
single,biweekly,2910,2920,257.35
single,biweekly,2920,2930,258.2
single,biweekly,2930,2940,259.05
single,biweekly,2940,2950,259.9
single,biweekly,2950,2960,260.75
single,biweekly,2960,2970,261.6
single,biweekly,2970,2980,262.45
single,biweekly,2980,2990,263.3
single,biweekly,2990,3000,264.15
single,biweekly,3000,3010,265.0
single,biweekly,3010,3020,265.85
single,biweekly,3020,3030,266.7
single,biweekly,3030,3040,267.55
single,biweekly,3040,3050,268.4
single,biweekly,3050,3060,269.25
single,biweekly,3060,3070,270.1
single,biweekly,3070,3080,270.95
single,biweekly,3080,3090,271.8
single,biweekly,3090,3100,272.65
single,biweekly,3100,3110,273.5
single,biweekly,3110,3120,274.35
single,biweekly,3120,3130,275.2
single,biweekly,3130,3140,276.05
single,biweekly,3140,3150,276.9
single,biweekly,3150,3160,277.75
single,biweekly,3160,3170,278.6
single,biweekly,3170,3180,279.45
single,biweekly,3180,3190,280.3
single,biweekly,3190,3200,281.15
single,biweekly,3200,3210,282.0
single,biweekly,3210,3220,282.85
single,biweekly,3220,3230,283.7
single,biweekly,3230,3240,284.55
single,biweekly,3240,3250,285.4
single,biweekly,3250,3260,286.25
single,biweekly,3260,3270,287.1
single,biweekly,3270,3280,287.95
single,biweekly,3280,3290,288.8
single,biweekly,3290,3300,289.65
single,biweekly,3300,3310,290.5
single,biweekly,3310,3320,291.35
single,biweekly,3320,3330,292.2
single,biweekly,3330,3340,293.05
single,biweekly,3340,3350,293.9
single,biweekly,3350,3360,294.75
single,biweekly,3360,3370,295.6
single,biweekly,3370,3380,296.45
single,biweekly,3380,3390,297.3
single,biweekly,3390,3400,298.15
single,biweekly,3400,3410,299.0
single,biweekly,3410,3420,299.85
single,biweekly,3420,3430,300.7
single,biweekly,3430,3440,301.55
single,biweekly,3440,3450,302.4
single,biweekly,3450,3460,303.25
single,biweekly,3460,3470,304.1
single,biweekly,3470,3480,304.95
single,biweekly,3480,3490,305.8
single,biweekly,3490,3500,306.65
single,biweekly,3500,3510,307.5
single,biweekly,3510,3520,308.35
single,biweekly,3520,3530,309.2
single,biweekly,3530,3540,310.05
single,biweekly,3540,3550,310.9
single,biweekly,3550,3560,311.75
single,biweekly,3560,3570,312.6
single,biweekly,3570,3580,313.45
single,biweekly,3580,3590,314.3
single,biweekly,3590,3600,315.15
single,biweekly,3600,3610,316.0
single,biweekly,3610,3620,316.85
single,biweekly,3620,3630,317.7
single,biweekly,3630,3640,318.55
single,biweekly,3640,3650,319.4
single,biweekly,3650,3660,320.25
single,biweekly,3660,3670,321.1
single,biweekly,3670,3680,321.95
single,biweekly,3680,3690,322.8
single,biweekly,3690,3700,323.65
single,biweekly,3700,3710,324.5
single,biweekly,3710,3720,325.35
single,biweekly,3720,3730,326.2
single,biweekly,3730,3740,327.05
single,biweekly,3740,3750,327.9
single,biweekly,3750,3760,328.75
single,biweekly,3760,3770,329.6
single,biweekly,3770,3780,330.45
single,biweekly,3780,3790,331.3
single,biweekly,3790,3800,332.15
single,biweekly,3800,3810,333.0
single,biweekly,3810,3820,333.85
single,biweekly,3820,3830,334.7
single,biweekly,3830,3840,335.55
single,biweekly,3840,3850,336.4
single,biweekly,3850,3860,337.25
single,biweekly,3860,3870,338.1
single,biweekly,3870,3880,338.95
single,biweekly,3880,3890,339.8
single,biweekly,3890,3900,340.65
single,biweekly,3900,3910,341.5
single,biweekly,3910,3920,342.35
single,biweekly,3920,3930,343.2
single,biweekly,3930,3940,344.05
single,biweekly,3940,3950,344.9
single,biweekly,3950,3960,345.75
single,biweekly,3960,3970,346.6
single,biweekly,3970,3980,347.45
single,biweekly,3980,3990,348.3
single,biweekly,3990,4000,349.15
married,biweekly,0,10,8.0
married,biweekly,10,20,8.85
married,biweekly,20,30,9.7
married,biweekly,30,40,10.55
married,biweekly,40,50,11.4
married,biweekly,50,60,12.25
married,biweekly,60,70,13.1
married,biweekly,70,80,13.95
married,biweekly,80,90,14.8
married,biweekly,90,100,15.65
married,biweekly,100,110,16.5
married,biweekly,110,120,17.35
married,biweekly,120,130,18.2
married,biweekly,130,140,19.05
married,biweekly,140,150,19.9
married,biweekly,150,160,20.75
married,biweekly,160,170,21.6
married,biweekly,170,180,22.45
married,biweekly,180,190,23.3
married,biweekly,190,200,24.15
married,biweekly,200,210,25.0
married,biweekly,210,220,25.85
married,biweekly,220,230,26.7
married,biweekly,230,240,27.55
married,biweekly,240,250,28.4
married,biweekly,250,260,29.25
married,biweekly,260,270,30.1
married,biweekly,270,280,30.95
married,biweekly,280,290,31.8
married,biweekly,290,300,32.65
married,biweekly,300,310,33.5
married,biweekly,310,320,34.35
married,biweekly,320,330,35.2
married,biweekly,330,340,36.05
married,biweekly,340,350,36.9
married,biweekly,350,360,37.75
married,biweekly,360,370,38.6
married,biweekly,370,380,39.45
married,biweekly,380,390,40.3
married,biweekly,390,400,41.15
married,biweekly,400,410,42.0
married,biweekly,410,420,42.85
married,biweekly,420,430,43.7
married,biweekly,430,440,44.55
married,biweekly,440,450,45.4
married,biweekly,450,460,46.25
married,biweekly,460,470,47.1
married,biweekly,470,480,47.95
married,biweekly,480,490,48.8
married,biweekly,490,500,49.65
married,biweekly,500,510,50.5
married,biweekly,510,520,51.35
married,biweekly,520,530,52.2
married,biweekly,530,540,53.05
married,biweekly,540,550,53.9
married,biweekly,550,560,54.75
married,biweekly,560,570,55.6
married,biweekly,570,580,56.45
married,biweekly,580,590,57.3
married,biweekly,590,600,58.15
married,biweekly,600,610,59.0
married,biweekly,610,620,59.85
married,biweekly,620,630,60.7
married,biweekly,630,640,61.55
married,biweekly,640,650,62.4
married,biweekly,650,660,63.25
married,biweekly,660,670,64.1
married,biweekly,670,680,64.95
married,biweekly,680,690,65.8
married,biweekly,690,700,66.65
married,biweekly,700,710,67.5
married,biweekly,710,720,68.35
married,biweekly,720,730,69.2
married,biweekly,730,740,70.05
married,biweekly,740,750,70.9
married,biweekly,750,760,71.75
married,biweekly,760,770,72.6
married,biweekly,770,780,73.45
married,biweekly,780,790,74.3
married,biweekly,790,800,75.15
married,biweekly,800,810,76.0
married,biweekly,810,820,76.85
married,biweekly,820,830,77.7
married,biweekly,830,840,78.55
married,biweekly,840,850,79.4
married,biweekly,850,860,80.25
married,biweekly,860,870,81.1
married,biweekly,870,880,81.95
married,biweekly,880,890,82.8
married,biweekly,890,900,83.65
married,biweekly,900,910,84.5
married,biweekly,910,920,85.35
married,biweekly,920,930,86.2
married,biweekly,930,940,87.05
married,biweekly,940,950,87.9
married,biweekly,950,960,88.75
married,biweekly,960,970,89.6
married,biweekly,970,980,90.45
married,biweekly,980,990,91.3
married,biweekly,990,1000,92.15
married,biweekly,1000,1010,93.0
married,biweekly,1010,1020,93.85
married,biweekly,1020,1030,94.7
married,biweekly,1030,1040,95.55
married,biweekly,1040,1050,96.4
married,biweekly,1050,1060,97.25
married,biweekly,1060,1070,98.1
married,biweekly,1070,1080,98.95
married,biweekly,1080,1090,99.8
married,biweekly,1090,1100,100.65
married,biweekly,1100,1110,101.5
married,biweekly,1110,1120,102.35
married,biweekly,1120,1130,103.2
married,biweekly,1130,1140,104.05
married,biweekly,1140,1150,104.9
married,biweekly,1150,1160,105.75
married,biweekly,1160,1170,106.6
married,biweekly,1170,1180,107.45
married,biweekly,1180,1190,108.3
married,biweekly,1190,1200,109.15
married,biweekly,1200,1210,110.0
married,biweekly,1210,1220,110.85
married,biweekly,1220,1230,111.7
married,biweekly,1230,1240,112.55
married,biweekly,1240,1250,113.4
married,biweekly,1250,1260,114.25
married,biweekly,1260,1270,115.1
married,biweekly,1270,1280,115.95
married,biweekly,1280,1290,116.8
married,biweekly,1290,1300,117.65
married,biweekly,1300,1310,118.5
married,biweekly,1310,1320,119.35
married,biweekly,1320,1330,120.2
married,biweekly,1330,1340,121.05
married,biweekly,1340,1350,121.9
married,biweekly,1350,1360,122.75
married,biweekly,1360,1370,123.6
married,biweekly,1370,1380,124.45
married,biweekly,1380,1390,125.3
married,biweekly,1390,1400,126.15
married,biweekly,1400,1410,127.0
married,biweekly,1410,1420,127.85
married,biweekly,1420,1430,128.7
married,biweekly,1430,1440,129.55
married,biweekly,1440,1450,130.4
married,biweekly,1450,1460,131.25
married,biweekly,1460,1470,132.1
married,biweekly,1470,1480,132.95
married,biweekly,1480,1490,133.8
married,biweekly,1490,1500,134.65
married,biweekly,1500,1510,135.5
married,biweekly,1510,1520,136.35
married,biweekly,1520,1530,137.2
married,biweekly,1530,1540,138.05
married,biweekly,1540,1550,138.9
married,biweekly,1550,1560,139.75
married,biweekly,1560,1570,140.6
married,biweekly,1570,1580,141.45
married,biweekly,1580,1590,142.3
married,biweekly,1590,1600,143.15
married,biweekly,1600,1610,144.0
married,biweekly,1610,1620,144.85
married,biweekly,1620,1630,145.7
married,biweekly,1630,1640,146.55
married,biweekly,1640,1650,147.4
married,biweekly,1650,1660,148.25
married,biweekly,1660,1670,149.1
married,biweekly,1670,1680,149.95
married,biweekly,1680,1690,150.8
married,biweekly,1690,1700,151.65
married,biweekly,1700,1710,152.5
married,biweekly,1710,1720,153.35
married,biweekly,1720,1730,154.2
married,biweekly,1730,1740,155.05
married,biweekly,1740,1750,155.9
married,biweekly,1750,1760,156.75
married,biweekly,1760,1770,157.6
married,biweekly,1770,1780,158.45
married,biweekly,1780,1790,159.3
married,biweekly,1790,1800,160.15
married,biweekly,1800,1810,161.0
married,biweekly,1810,1820,161.85
married,biweekly,1820,1830,162.7
married,biweekly,1830,1840,163.55
married,biweekly,1840,1850,164.4
married,biweekly,1850,1860,165.25
married,biweekly,1860,1870,166.1
married,biweekly,1870,1880,166.95
married,biweekly,1880,1890,167.8
married,biweekly,1890,1900,168.65
married,biweekly,1900,1910,169.5
married,biweekly,1910,1920,170.35
married,biweekly,1920,1930,171.2
married,biweekly,1930,1940,172.05
married,biweekly,1940,1950,172.9
married,biweekly,1950,1960,173.75
married,biweekly,1960,1970,174.6
married,biweekly,1970,1980,175.45
married,biweekly,1980,1990,176.3
married,biweekly,1990,2000,177.15
married,biweekly,2000,2010,178.0
married,biweekly,2010,2020,178.85
married,biweekly,2020,2030,179.7
married,biweekly,2030,2040,180.55
married,biweekly,2040,2050,181.4
married,biweekly,2050,2060,182.25
married,biweekly,2060,2070,183.1
married,biweekly,2070,2080,183.95
married,biweekly,2080,2090,184.8
married,biweekly,2090,2100,185.65
married,biweekly,2100,2110,186.5
married,biweekly,2110,2120,187.35
married,biweekly,2120,2130,188.2
married,biweekly,2130,2140,189.05
married,biweekly,2140,2150,189.9
married,biweekly,2150,2160,190.75
married,biweekly,2160,2170,191.6
married,biweekly,2170,2180,192.45
married,biweekly,2180,2190,193.3
married,biweekly,2190,2200,194.15
married,biweekly,2200,2210,195.0
married,biweekly,2210,2220,195.85
married,biweekly,2220,2230,196.7
married,biweekly,2230,2240,197.55
married,biweekly,2240,2250,198.4
married,biweekly,2250,2260,199.25
married,biweekly,2260,2270,200.1
married,biweekly,2270,2280,200.95
married,biweekly,2280,2290,201.8
married,biweekly,2290,2300,202.65
married,biweekly,2300,2310,203.5
married,biweekly,2310,2320,204.35
married,biweekly,2320,2330,205.2
married,biweekly,2330,2340,206.05
married,biweekly,2340,2350,206.9
married,biweekly,2350,2360,207.75
married,biweekly,2360,2370,208.6
married,biweekly,2370,2380,209.45
married,biweekly,2380,2390,210.3
married,biweekly,2390,2400,211.15
married,biweekly,2400,2410,212.0
married,biweekly,2410,2420,212.85
married,biweekly,2420,2430,213.7
married,biweekly,2430,2440,214.55
married,biweekly,2440,2450,215.4
married,biweekly,2450,2460,216.25
married,biweekly,2460,2470,217.1
married,biweekly,2470,2480,217.95
married,biweekly,2480,2490,218.8
married,biweekly,2490,2500,219.65
married,biweekly,2500,2510,220.5
married,biweekly,2510,2520,221.35
married,biweekly,2520,2530,222.2
married,biweekly,2530,2540,223.05
married,biweekly,2540,2550,223.9
married,biweekly,2550,2560,224.75
married,biweekly,2560,2570,225.6
married,biweekly,2570,2580,226.45
married,biweekly,2580,2590,227.3
married,biweekly,2590,2600,228.15
married,biweekly,2600,2610,229.0
married,biweekly,2610,2620,229.85
married,biweekly,2620,2630,230.7
married,biweekly,2630,2640,231.55
married,biweekly,2640,2650,232.4
married,biweekly,2650,2660,233.25
married,biweekly,2660,2670,234.1
married,biweekly,2670,2680,234.95
married,biweekly,2680,2690,235.8
married,biweekly,2690,2700,236.65
married,biweekly,2700,2710,237.5
married,biweekly,2710,2720,238.35
married,biweekly,2720,2730,239.2
married,biweekly,2730,2740,240.05
married,biweekly,2740,2750,240.9
married,biweekly,2750,2760,241.75
married,biweekly,2760,2770,242.6
married,biweekly,2770,2780,243.45
married,biweekly,2780,2790,244.3
married,biweekly,2790,2800,245.15
married,biweekly,2800,2810,246.0
married,biweekly,2810,2820,246.85
married,biweekly,2820,2830,247.7
married,biweekly,2830,2840,248.55
married,biweekly,2840,2850,249.4
married,biweekly,2850,2860,250.25
married,biweekly,2860,2870,251.1
married,biweekly,2870,2880,251.95
married,biweekly,2880,2890,252.8
married,biweekly,2890,2900,253.65
married,biweekly,2900,2910,254.5
married,biweekly,2910,2920,255.35
married,biweekly,2920,2930,256.2
married,biweekly,2930,2940,257.05
married,biweekly,2940,2950,257.9
married,biweekly,2950,2960,258.75
married,biweekly,2960,2970,259.6
married,biweekly,2970,2980,260.45
married,biweekly,2980,2990,261.3
married,biweekly,2990,3000,262.15
married,biweekly,3000,3010,263.0
married,biweekly,3010,3020,263.85
married,biweekly,3020,3030,264.7
married,biweekly,3030,3040,265.55
married,biweekly,3040,3050,266.4
married,biweekly,3050,3060,267.25
married,biweekly,3060,3070,268.1
married,biweekly,3070,3080,268.95
married,biweekly,3080,3090,269.8
married,biweekly,3090,3100,270.65
married,biweekly,3100,3110,271.5
married,biweekly,3110,3120,272.35
married,biweekly,3120,3130,273.2
married,biweekly,3130,3140,274.05
married,biweekly,3140,3150,274.9
married,biweekly,3150,3160,275.75
married,biweekly,3160,3170,276.6
married,biweekly,3170,3180,277.45
married,biweekly,3180,3190,278.3
married,biweekly,3190,3200,279.15
married,biweekly,3200,3210,280.0
married,biweekly,3210,3220,280.85
married,biweekly,3220,3230,281.7
married,biweekly,3230,3240,282.55
married,biweekly,3240,3250,283.4
married,biweekly,3250,3260,284.25
married,biweekly,3260,3270,285.1
married,biweekly,3270,3280,285.95
married,biweekly,3280,3290,286.8
married,biweekly,3290,3300,287.65
married,biweekly,3300,3310,288.5
married,biweekly,3310,3320,289.35
married,biweekly,3320,3330,290.2
married,biweekly,3330,3340,291.05
married,biweekly,3340,3350,291.9
married,biweekly,3350,3360,292.75
married,biweekly,3360,3370,293.6
married,biweekly,3370,3380,294.45
married,biweekly,3380,3390,295.3
married,biweekly,3390,3400,296.15
married,biweekly,3400,3410,297.0
married,biweekly,3410,3420,297.85
married,biweekly,3420,3430,298.7
married,biweekly,3430,3440,299.55
married,biweekly,3440,3450,300.4
married,biweekly,3450,3460,301.25
married,biweekly,3460,3470,302.1
married,biweekly,3470,3480,302.95
married,biweekly,3480,3490,303.8
married,biweekly,3490,3500,304.65
married,biweekly,3500,3510,305.5
married,biweekly,3510,3520,306.35
married,biweekly,3520,3530,307.2
married,biweekly,3530,3540,308.05
married,biweekly,3540,3550,308.9
married,biweekly,3550,3560,309.75
married,biweekly,3560,3570,310.6
married,biweekly,3570,3580,311.45
married,biweekly,3580,3590,312.3
married,biweekly,3590,3600,313.15
married,biweekly,3600,3610,314.0
married,biweekly,3610,3620,314.85
married,biweekly,3620,3630,315.7
married,biweekly,3630,3640,316.55
married,biweekly,3640,3650,317.4
married,biweekly,3650,3660,318.25
married,biweekly,3660,3670,319.1
married,biweekly,3670,3680,319.95
married,biweekly,3680,3690,320.8
married,biweekly,3690,3700,321.65
married,biweekly,3700,3710,322.5
married,biweekly,3710,3720,323.35
married,biweekly,3720,3730,324.2
married,biweekly,3730,3740,325.05
married,biweekly,3740,3750,325.9
married,biweekly,3750,3760,326.75
married,biweekly,3760,3770,327.6
married,biweekly,3770,3780,328.45
married,biweekly,3780,3790,329.3
married,biweekly,3790,3800,330.15
married,biweekly,3800,3810,331.0
married,biweekly,3810,3820,331.85
married,biweekly,3820,3830,332.7
married,biweekly,3830,3840,333.55
married,biweekly,3840,3850,334.4
married,biweekly,3850,3860,335.25
married,biweekly,3860,3870,336.1
married,biweekly,3870,3880,336.95
married,biweekly,3880,3890,337.8
married,biweekly,3890,3900,338.65
married,biweekly,3900,3910,339.5
married,biweekly,3910,3920,340.35
married,biweekly,3920,3930,341.2
married,biweekly,3930,3940,342.05
married,biweekly,3940,3950,342.9
married,biweekly,3950,3960,343.75
married,biweekly,3960,3970,344.6
married,biweekly,3970,3980,345.45
married,biweekly,3980,3990,346.3
married,biweekly,3990,4000,347.15
head,biweekly,0,10,9.0
head,biweekly,10,20,9.85
head,biweekly,20,30,10.7
head,biweekly,30,40,11.55
head,biweekly,40,50,12.4
head,biweekly,50,60,13.25
head,biweekly,60,70,14.1
head,biweekly,70,80,14.95
head,biweekly,80,90,15.8
head,biweekly,90,100,16.65
head,biweekly,100,110,17.5
head,biweekly,110,120,18.35
head,biweekly,120,130,19.2
head,biweekly,130,140,20.05
head,biweekly,140,150,20.9
head,biweekly,150,160,21.75
head,biweekly,160,170,22.6
head,biweekly,170,180,23.45
head,biweekly,180,190,24.3
head,biweekly,190,200,25.15
head,biweekly,200,210,26.0
head,biweekly,210,220,26.85
head,biweekly,220,230,27.7
head,biweekly,230,240,28.55
head,biweekly,240,250,29.4
head,biweekly,250,260,30.25
head,biweekly,260,270,31.1
head,biweekly,270,280,31.95
head,biweekly,280,290,32.8
head,biweekly,290,300,33.65
head,biweekly,300,310,34.5
head,biweekly,310,320,35.35
head,biweekly,320,330,36.2
head,biweekly,330,340,37.05
head,biweekly,340,350,37.9
head,biweekly,350,360,38.75
head,biweekly,360,370,39.6
head,biweekly,370,380,40.45
head,biweekly,380,390,41.3
head,biweekly,390,400,42.15
head,biweekly,400,410,43.0
head,biweekly,410,420,43.85
head,biweekly,420,430,44.7
head,biweekly,430,440,45.55
head,biweekly,440,450,46.4
head,biweekly,450,460,47.25
head,biweekly,460,470,48.1
head,biweekly,470,480,48.95
head,biweekly,480,490,49.8
head,biweekly,490,500,50.65
head,biweekly,500,510,51.5
head,biweekly,510,520,52.35
head,biweekly,520,530,53.2
head,biweekly,530,540,54.05
head,biweekly,540,550,54.9
head,biweekly,550,560,55.75
head,biweekly,560,570,56.6
head,biweekly,570,580,57.45
head,biweekly,580,590,58.3
head,biweekly,590,600,59.15
head,biweekly,600,610,60.0
head,biweekly,610,620,60.85
head,biweekly,620,630,61.7
head,biweekly,630,640,62.55
head,biweekly,640,650,63.4
head,biweekly,650,660,64.25
head,biweekly,660,670,65.1
head,biweekly,670,680,65.95
head,biweekly,680,690,66.8
head,biweekly,690,700,67.65
head,biweekly,700,710,68.5
head,biweekly,710,720,69.35
head,biweekly,720,730,70.2
head,biweekly,730,740,71.05
head,biweekly,740,750,71.9
head,biweekly,750,760,72.75
head,biweekly,760,770,73.6
head,biweekly,770,780,74.45
head,biweekly,780,790,75.3
head,biweekly,790,800,76.15
head,biweekly,800,810,77.0
head,biweekly,810,820,77.85
head,biweekly,820,830,78.7
head,biweekly,830,840,79.55
head,biweekly,840,850,80.4
head,biweekly,850,860,81.25
head,biweekly,860,870,82.1
head,biweekly,870,880,82.95
head,biweekly,880,890,83.8
head,biweekly,890,900,84.65
head,biweekly,900,910,85.5
head,biweekly,910,920,86.35
head,biweekly,920,930,87.2
head,biweekly,930,940,88.05
head,biweekly,940,950,88.9
head,biweekly,950,960,89.75
head,biweekly,960,970,90.6
head,biweekly,970,980,91.45
head,biweekly,980,990,92.3
head,biweekly,990,1000,93.15
head,biweekly,1000,1010,94.0
head,biweekly,1010,1020,94.85
head,biweekly,1020,1030,95.7
head,biweekly,1030,1040,96.55
head,biweekly,1040,1050,97.4
head,biweekly,1050,1060,98.25
head,biweekly,1060,1070,99.1
head,biweekly,1070,1080,99.95
head,biweekly,1080,1090,100.8
head,biweekly,1090,1100,101.65
head,biweekly,1100,1110,102.5
head,biweekly,1110,1120,103.35
head,biweekly,1120,1130,104.2
head,biweekly,1130,1140,105.05
head,biweekly,1140,1150,105.9
head,biweekly,1150,1160,106.75
head,biweekly,1160,1170,107.6
head,biweekly,1170,1180,108.45
head,biweekly,1180,1190,109.3
head,biweekly,1190,1200,110.15
head,biweekly,1200,1210,111.0
head,biweekly,1210,1220,111.85
head,biweekly,1220,1230,112.7
head,biweekly,1230,1240,113.55
head,biweekly,1240,1250,114.4
head,biweekly,1250,1260,115.25
head,biweekly,1260,1270,116.1
head,biweekly,1270,1280,116.95
head,biweekly,1280,1290,117.8
head,biweekly,1290,1300,118.65
head,biweekly,1300,1310,119.5
head,biweekly,1310,1320,120.35
head,biweekly,1320,1330,121.2
head,biweekly,1330,1340,122.05
head,biweekly,1340,1350,122.9
head,biweekly,1350,1360,123.75
head,biweekly,1360,1370,124.6
head,biweekly,1370,1380,125.45
head,biweekly,1380,1390,126.3
head,biweekly,1390,1400,127.15
head,biweekly,1400,1410,128.0
head,biweekly,1410,1420,128.85
head,biweekly,1420,1430,129.7
head,biweekly,1430,1440,130.55
head,biweekly,1440,1450,131.4
head,biweekly,1450,1460,132.25
head,biweekly,1460,1470,133.1
head,biweekly,1470,1480,133.95
head,biweekly,1480,1490,134.8
head,biweekly,1490,1500,135.65
head,biweekly,1500,1510,136.5
head,biweekly,1510,1520,137.35
head,biweekly,1520,1530,138.2
head,biweekly,1530,1540,139.05
head,biweekly,1540,1550,139.9
head,biweekly,1550,1560,140.75
head,biweekly,1560,1570,141.6
head,biweekly,1570,1580,142.45
head,biweekly,1580,1590,143.3
head,biweekly,1590,1600,144.15
head,biweekly,1600,1610,145.0
head,biweekly,1610,1620,145.85
head,biweekly,1620,1630,146.7
head,biweekly,1630,1640,147.55
head,biweekly,1640,1650,148.4
head,biweekly,1650,1660,149.25
head,biweekly,1660,1670,150.1
head,biweekly,1670,1680,150.95
head,biweekly,1680,1690,151.8
head,biweekly,1690,1700,152.65
head,biweekly,1700,1710,153.5
head,biweekly,1710,1720,154.35
head,biweekly,1720,1730,155.2
head,biweekly,1730,1740,156.05
head,biweekly,1740,1750,156.9
head,biweekly,1750,1760,157.75
head,biweekly,1760,1770,158.6
head,biweekly,1770,1780,159.45
head,biweekly,1780,1790,160.3
head,biweekly,1790,1800,161.15
head,biweekly,1800,1810,162.0
head,biweekly,1810,1820,162.85
head,biweekly,1820,1830,163.7
head,biweekly,1830,1840,164.55
head,biweekly,1840,1850,165.4
head,biweekly,1850,1860,166.25
head,biweekly,1860,1870,167.1
head,biweekly,1870,1880,167.95
head,biweekly,1880,1890,168.8
head,biweekly,1890,1900,169.65
head,biweekly,1900,1910,170.5
head,biweekly,1910,1920,171.35
head,biweekly,1920,1930,172.2
head,biweekly,1930,1940,173.05
head,biweekly,1940,1950,173.9
head,biweekly,1950,1960,174.75
head,biweekly,1960,1970,175.6
head,biweekly,1970,1980,176.45
head,biweekly,1980,1990,177.3
head,biweekly,1990,2000,178.15
head,biweekly,2000,2010,179.0
head,biweekly,2010,2020,179.85
head,biweekly,2020,2030,180.7
head,biweekly,2030,2040,181.55
head,biweekly,2040,2050,182.4
head,biweekly,2050,2060,183.25
head,biweekly,2060,2070,184.1
head,biweekly,2070,2080,184.95
head,biweekly,2080,2090,185.8
head,biweekly,2090,2100,186.65
head,biweekly,2100,2110,187.5
head,biweekly,2110,2120,188.35
head,biweekly,2120,2130,189.2
head,biweekly,2130,2140,190.05
head,biweekly,2140,2150,190.9
head,biweekly,2150,2160,191.75
head,biweekly,2160,2170,192.6
head,biweekly,2170,2180,193.45
head,biweekly,2180,2190,194.3
head,biweekly,2190,2200,195.15
head,biweekly,2200,2210,196.0
head,biweekly,2210,2220,196.85
head,biweekly,2220,2230,197.7
head,biweekly,2230,2240,198.55
head,biweekly,2240,2250,199.4
head,biweekly,2250,2260,200.25
head,biweekly,2260,2270,201.1
head,biweekly,2270,2280,201.95
head,biweekly,2280,2290,202.8
head,biweekly,2290,2300,203.65
head,biweekly,2300,2310,204.5
head,biweekly,2310,2320,205.35
head,biweekly,2320,2330,206.2
head,biweekly,2330,2340,207.05
head,biweekly,2340,2350,207.9
head,biweekly,2350,2360,208.75
head,biweekly,2360,2370,209.6
head,biweekly,2370,2380,210.45
head,biweekly,2380,2390,211.3
head,biweekly,2390,2400,212.15
head,biweekly,2400,2410,213.0
head,biweekly,2410,2420,213.85
head,biweekly,2420,2430,214.7
head,biweekly,2430,2440,215.55
head,biweekly,2440,2450,216.4
head,biweekly,2450,2460,217.25
head,biweekly,2460,2470,218.1
head,biweekly,2470,2480,218.95
head,biweekly,2480,2490,219.8
head,biweekly,2490,2500,220.65
head,biweekly,2500,2510,221.5
head,biweekly,2510,2520,222.35
head,biweekly,2520,2530,223.2
head,biweekly,2530,2540,224.05
head,biweekly,2540,2550,224.9
head,biweekly,2550,2560,225.75
head,biweekly,2560,2570,226.6
head,biweekly,2570,2580,227.45
head,biweekly,2580,2590,228.3
head,biweekly,2590,2600,229.15
head,biweekly,2600,2610,230.0
head,biweekly,2610,2620,230.85
head,biweekly,2620,2630,231.7
head,biweekly,2630,2640,232.55
head,biweekly,2640,2650,233.4
head,biweekly,2650,2660,234.25
head,biweekly,2660,2670,235.1
head,biweekly,2670,2680,235.95
head,biweekly,2680,2690,236.8
head,biweekly,2690,2700,237.65
head,biweekly,2700,2710,238.5
head,biweekly,2710,2720,239.35
head,biweekly,2720,2730,240.2
head,biweekly,2730,2740,241.05
head,biweekly,2740,2750,241.9
head,biweekly,2750,2760,242.75
head,biweekly,2760,2770,243.6
head,biweekly,2770,2780,244.45
head,biweekly,2780,2790,245.3
head,biweekly,2790,2800,246.15
head,biweekly,2800,2810,247.0
head,biweekly,2810,2820,247.85
head,biweekly,2820,2830,248.7
head,biweekly,2830,2840,249.55
head,biweekly,2840,2850,250.4
head,biweekly,2850,2860,251.25
head,biweekly,2860,2870,252.1
head,biweekly,2870,2880,252.95
head,biweekly,2880,2890,253.8
head,biweekly,2890,2900,254.65
head,biweekly,2900,2910,255.5
head,biweekly,2910,2920,256.35
head,biweekly,2920,2930,257.2
head,biweekly,2930,2940,258.05
head,biweekly,2940,2950,258.9
head,biweekly,2950,2960,259.75
head,biweekly,2960,2970,260.6
head,biweekly,2970,2980,261.45
head,biweekly,2980,2990,262.3
head,biweekly,2990,3000,263.15
head,biweekly,3000,3010,264.0
head,biweekly,3010,3020,264.85
head,biweekly,3020,3030,265.7
head,biweekly,3030,3040,266.55
head,biweekly,3040,3050,267.4
head,biweekly,3050,3060,268.25
head,biweekly,3060,3070,269.1
head,biweekly,3070,3080,269.95
head,biweekly,3080,3090,270.8
head,biweekly,3090,3100,271.65
head,biweekly,3100,3110,272.5
head,biweekly,3110,3120,273.35
head,biweekly,3120,3130,274.2
head,biweekly,3130,3140,275.05
head,biweekly,3140,3150,275.9
head,biweekly,3150,3160,276.75
head,biweekly,3160,3170,277.6
head,biweekly,3170,3180,278.45
head,biweekly,3180,3190,279.3
head,biweekly,3190,3200,280.15
head,biweekly,3200,3210,281.0
head,biweekly,3210,3220,281.85
head,biweekly,3220,3230,282.7
head,biweekly,3230,3240,283.55
head,biweekly,3240,3250,284.4
head,biweekly,3250,3260,285.25
head,biweekly,3260,3270,286.1
head,biweekly,3270,3280,286.95
head,biweekly,3280,3290,287.8
head,biweekly,3290,3300,288.65
head,biweekly,3300,3310,289.5
head,biweekly,3310,3320,290.35
head,biweekly,3320,3330,291.2
head,biweekly,3330,3340,292.05
head,biweekly,3340,3350,292.9
head,biweekly,3350,3360,293.75
head,biweekly,3360,3370,294.6
head,biweekly,3370,3380,295.45
head,biweekly,3380,3390,296.3
head,biweekly,3390,3400,297.15
head,biweekly,3400,3410,298.0
head,biweekly,3410,3420,298.85
head,biweekly,3420,3430,299.7
head,biweekly,3430,3440,300.55
head,biweekly,3440,3450,301.4
head,biweekly,3450,3460,302.25
head,biweekly,3460,3470,303.1
head,biweekly,3470,3480,303.95
head,biweekly,3480,3490,304.8
head,biweekly,3490,3500,305.65
head,biweekly,3500,3510,306.5
head,biweekly,3510,3520,307.35
head,biweekly,3520,3530,308.2
head,biweekly,3530,3540,309.05
head,biweekly,3540,3550,309.9
head,biweekly,3550,3560,310.75
head,biweekly,3560,3570,311.6
head,biweekly,3570,3580,312.45
head,biweekly,3580,3590,313.3
head,biweekly,3590,3600,314.15
head,biweekly,3600,3610,315.0
head,biweekly,3610,3620,315.85
head,biweekly,3620,3630,316.7
head,biweekly,3630,3640,317.55
head,biweekly,3640,3650,318.4
head,biweekly,3650,3660,319.25
head,biweekly,3660,3670,320.1
head,biweekly,3670,3680,320.95
head,biweekly,3680,3690,321.8
head,biweekly,3690,3700,322.65
head,biweekly,3700,3710,323.5
head,biweekly,3710,3720,324.35
head,biweekly,3720,3730,325.2
head,biweekly,3730,3740,326.05
head,biweekly,3740,3750,326.9
head,biweekly,3750,3760,327.75
head,biweekly,3760,3770,328.6
head,biweekly,3770,3780,329.45
head,biweekly,3780,3790,330.3
head,biweekly,3790,3800,331.15
head,biweekly,3800,3810,332.0
head,biweekly,3810,3820,332.85
head,biweekly,3820,3830,333.7
head,biweekly,3830,3840,334.55
head,biweekly,3840,3850,335.4
head,biweekly,3850,3860,336.25
head,biweekly,3860,3870,337.1
head,biweekly,3870,3880,337.95
head,biweekly,3880,3890,338.8
head,biweekly,3890,3900,339.65
head,biweekly,3900,3910,340.5
head,biweekly,3910,3920,341.35
head,biweekly,3920,3930,342.2
head,biweekly,3930,3940,343.05
head,biweekly,3940,3950,343.9
head,biweekly,3950,3960,344.75
head,biweekly,3960,3970,345.6
head,biweekly,3970,3980,346.45
head,biweekly,3980,3990,347.3
head,biweekly,3990,4000,348.15
